acerola;acerola
acerolas;acerola
acrola;acerola
abacaxi com horetela; abacaxi com hortelã
abacaxi com hortelã; abacaxi com hortelã
abacaxi c hortela; abacaxi com hortelã
abacaxi c/ hortela; abacaxi com hortelã
abakxi hortela; abacaxi com hortelã
abkxi c hortela; abacaxi com hortelã
abakxi c hort; abacaxi com hortelã
abacaxi hort; abacaxi com hortelã
abacaxi com hort; abacaxi com hortelã
abacaxi com h;abacaxi com hortelã
açaí; açaí
açai; açaí
acai; açaí
asaí; açaí
asai; açaí
assai; açaí
ascai; açaí
acerola c laranja; acerola com laranja
acerola com laranja; acerola com laranja
acerola c/ laranja; acerola com laranja
acerola misturada com laranja; acerola com laranja
amora;amora
amorar; amora
amoar; amora
cacau; cacau
cacal; cacau
cajá; cajá
caja; cajá
cajú; caju
caju; caju
cupuaçu; cupuaçu
cupuasu; cupuaçu
cupuacu; cupuaçu
cupuassu; cupuaçu
framboesa; framboesa
framboeza; framboesa
frutas verdes; frutas verdes
fruta verde; frutas verdes
frutas verde; frutas verdes
frutas verd; frutas verdes
frutas vermelhas; frutas vermelhas
fruta vermelha; frutas vermelhas
frutas vermelha; frutas vermelhas
fruta vermelhas; frutas vermelhas
goiaba;goiaba
goiab;goiaba
graviola; graviola
graivola; graviola
gravola; graviola
kiwi; kiwi
kiui; kiwi
kyui; kiwi
quiui; kiwi
qiui; kiwi
laranja; laranja
naranja; laranja
nananja; laranja
laraja; laranja
laranga; laranja
limão; limão
limao; limão
limaum; limão
limaozinho; limão
limon; limão
limonada; limão
manga; manga
mangá; manga
maracujá; maracujá
maracuja; maracujá
marcuja; maracujá
maracujina; maracujá
maracuga; maracujá
morango; morango
moranguinho; morango
moranguejo; morango
morangu; morango
moranguito; morango
tamarindo; tamarindo
tâmarindo; tamarindo
tamarind; tamarindo
tamarindio; tamarindo
tangerina; tangerina
tangerna; tangerina
tangarina; tangerina
tengarina; tangerina
tungerina; tungerina
tanjerina; tanjerina
umbu; umbu
umb; umbu
umba; umbu
ombu; umbu
unbu; umbu
uva; uva
uvinha; uva
uvita; uva
uvazinha; uva
