acerola; Acerola
acerolas; Acerola
acrola; Acerola
abacaxi; Abacaxi
abacaxis; Abacaxi
abacaxises; Abacaxi
abakxi; Abacaxi
abkxi; Abacaxi
abakxi; Abacaxi
abaxaqui; Abacaxi
Abacaxi com horetela; Abacaxi com hortelã
Abacaxi com hortelã; Abacaxi com hortelã
Abacaxi c hortela; Abacaxi com hortelã
Abacaxi c/ hortela; Abacaxi com hortelã
abakxi hortela; Abacaxi com hortelã
abkxi c hortela; Abacaxi com hortelã
abakxi c hort; Abacaxi com hortelã
Abacaxi hort; Abacaxi com hortelã
Abacaxi com hort; Abacaxi com hortelã
Abacaxi com h; Abacaxi com hortelã
açaí; Açaí
açai; Açaí
acai; Açaí
asaí; Açaí
asai; Açaí
assai; Açaí
ascai; Açaí
asais: Açaí
Acerolas c laranjas; Acerola com Laranja
Acerola c Laranja; Acerola com Laranja
Acerola com Laranja; Acerola com Laranja
Acerola c/ Laranja; Acerola com Laranja
Acerola misturada com Laranja; Acerola com Laranja
amoras; Amora
amora; Amora
amorar; Amora
amoar; Amora
cacaus: Cacau
cacau; Cacau
cacal; Cacau
cajá; Cajá
caja; Cajá
cajas; Cajá
cajú; Caju
caju; Caju
cajus; Caju
cupuaçu; Cupuaçu
cupuasu; Cupuaçu
cupuacu; Cupuaçu
cupuassu; Cupuaçu
cupuaçus; Cupuaçu
framboesa; Framboesa
framboeza; Framboesa
framboesas; Framboesa
frutas verdes; Frutas Verdes
fruta verde; Frutas Verdes
frutas verde; Frutas Verdes
frutas verd; Frutas Verdes
frutas vermelhas; Frutas Vermelhas
fruta vermelha; Frutas Vermelhas
frutas vermelha; Frutas Vermelhas
fruta vermelhas; Frutas Vermelhas
goiaba; Goiaba
goiab; Goiaba
graviola; Graviola
graivola; Graviola
gravola; Graviola
kiwi; Kiwi
kiui; Kiwi
kyui; Kiwi
quiui; Kiwi
qiui; Kiwi
laranja; Laranja
naranja; Laranja
nananja; Laranja
laraja; Laranja
laranga; Laranja
Limão; Limão
limao; Limão
limaum; Limão
limões; Limão
limoes; Limão
limaozinho; Limão
limon; Limão
limonada; Limão
manga; Manga
mangas; Manga
mangá; Manga
maracujá; Maracujá
maracuja; Maracujá
marcuja; Maracujá
maracujina; Maracujá
maracuga; Maracujá
morango; Morango
moranho; Morango
moranguinho; Morango
moranguejo; Morango
morangu; Morango
moranguito; Morango
Tamarindo; Tamarindo
tâmarindo; Tamarindo
tamarind; Tamarindo
tamarino; Tamarindo
tamarindio; Tamarindo
tangerina; Tangerina
tangerna; Tangerina
tangarina; Tangerina
tengarina; Tangerina
tungerina; Tangerina
tanjerina; Tangerina
umbu; Umbu
umb; Umbu
umba; Umbu
ombu; Umbu
unbu; Umbu
uva; Uva
uvinha; Uva
uvita; Uva
Uvazinha; Uva